Unnamed: 0,BCODE,Basin_Name,old_terms,new_terms,YEAR,status_new_search,status_old_search,new_result_count,completed_timestamp_old,future runs needed?,completed_timestamp_new
0,ATRK,Atrak,Atrak OR Sumber,"Atrak OR atruk OR Sumbar OR Atrek OR Çandyr OR ""Roodkhane Timurtash"" OR ""Rood Faruj"" OR Aýdere OR Qanat OR Qaraqum",2004,complete,complete,,4 results,should run new with smaller range,
1,AWSH,Awash,Abhe Bid Hayak OR Awash OR Finochaa OR Gemeri Hayak OR Petit Akabi OR Sendafa,"Awash OR Germama OR Kesem OR ""Jirjir Shet'"" OR Mille OR Meki OR ""Arba Dima"" OR Arba OR Jido OR Borkena OR Cheleleka OR Hanlé OR ""Great Akaki"" OR Modjo OR Borkana OR Keleta OR Gôba'ad OR Bulbula OR Atebella OR Bolli OR Weja OR Kalou OR ""Mojo Jelu Shet"" OR Teji OR Chekkeyti OR Erer OR Ayisha OR Hawadi OR Ḏagadle OR Akaki OR ""Arabi Shet'"" OR Degbour OR Wedacha OR Daralia OR ""Djibouti Road"" OR ""Dukem Shet"" OR Dukem OR Gabon OR Horakelo OR ""Little Akaki"" OR ""Daba Ḏêr"" OR Doubié OR Gogesa OR Gota OR Malaï OR Werkwiha OR Harewa OR Loya OR Kayinama OR Lasarat OR Burka OR Ilamu OR ""As Hada Mahod"" OR Tsainde",2002,complete,complete,329 results,161 results,,
2,BANN,Bann,Bann OR CAPS(Black Water) OR Laugh Neagh OR CAPS(Lower Laugh) Erine,"Bann OR Blackwater OR ""Lower Bann"" OR ""Upper Bann"" OR Maine OR Braid OR Mountain OR Callan OR Cor OR Ballinderry OR Moyola OR ""Six Mile"" OR Agivey OR Rhee OR Clady OR Knockoneil OR Oona OR Aghadowey OR Clough OR Kellswater OR Ballygawley OR Ballymoney OR Claggan OR Grange OR Killymoon OR Lissan OR Rocky OR Annagh OR Ashlamduff OR Cleggan OR Closet OR Coppies OR Crumlin OR Cusher OR Doagh OR ""FarloughRiver Upper"" OR Formil OR Glenwhirry OR Maddock OR Muddock OR Mullagh OR Shankys OR Whitewater OR ""Devenagh Burn"" OR Glenavy OR Altalacky OR Armagh OR ""Cashel Burn"" OR Cloughmills OR Culmore OR Fury OR Glengomma OR Glenlough OR Monaghan OR Rhone OR Torrent OR Ballymartrim OR ""Black Burn"" OR Black OR Breckagh OR Brocagh OR ""Cam Burn"" OR ""Claggan Struanmore"" OR ""Curragh Burn"" OR Drum OR Drumahiskey OR Drumard OR ""Eden Burn"" OR ""Eden Drain"" OR ""Glen Burn"" OR ""Gortree Burn"" OR Grove OR Keenaght OR Killeen OR ""Killylane Burn"" OR ""Largy Burn"" OR Leitrim OR ""Lisnamuck Burn"" OR ""Monaghan Blackwater"" OR ""Mullans Burn"" OR Owenglass OR ""Pollan Burn"" OR ""Quaw Burn"" OR ""Ross Burn"" OR Shambles OR Shinny OR Stonyford OR Ulster OR Newry OR Butter OR ""Dreenan Sheugh""",2002,pending,complete,"failed (27,819)",122 results,try month range?,
3,DRIN,Drin,Cemerice OR Drin OR Drinizi OR Fshat OR Gjemon OR Gjonc OR Kamenice OR Kasaj OR Lavdan OR Leminot OR Markez OR Ohridsko Jezero OR Lake Ohrid OR Prifte OR Sopale OR Teqese OR T'plan OR Tropoje OR Verlen OR Zberga OR Beli Drim OR Pecska Bistrica,"Drin OR ""Drini i Bardhë"" OR Morača OR ""Drini i Zi"" OR ""Crn Drim"" OR Drini OR Radika OR Buna OR Zeta OR Valbonë OR Ereniku OR Cijevna OR ""Lumbardhi i Pejës"" OR Kir OR Sateska OR ""Lumi i Shalës"" OR Klinë OR ""e Caies"" OR ""Përroi Gominës"" OR Mirushë OR ""Lumi Currajve"" OR Comsiqes OR ""Lumi i Thethit"" OR ""Lumi i Cemit"" OR Burim OR Adzina OR ""Lumbardhi i Deçanit"" OR ""Lumi i Gomsiqes"" OR Koselska OR ""Përroi Stupës"" OR Sitnica OR ""Lumi i Pejës"" OR Mrtvica OR Toplluhë OR ""Përroi Vilës"" OR ""Përroi Palajt"" OR ""Përroi Vogël"" OR Seta OR ""Përroi Spaçit"" OR Mavrovtsa OR Mokresh OR ""Drini i bardhë"" OR Dushit OR Ribnica OR Klina OR Ratinja OR ""Lumi i Tropojës"" OR Tresonecka OR ""Përroi Bugjonit"" OR Karatuna OR ""Mrkovska rijeka"" OR ""Lumi e Currajve"" OR Krivaya OR ""Lumi Mirushë"" OR Vapilnitsa OR Šegrtnica OR ""Lumi Kuqit"" OR Daljan OR Garska OR Krena OR Vevchanska OR Mala OR ""Međurečka rijeka"" OR ""Mala rijeka"" OR ""Përroi i Mërturit"" OR Gjadri OR Veleshicë OR ""Përroi Rrjollit"" OR Cherava OR ""Crn Kamen"" OR Gostiljska OR Sjevernica OR ""Përroi Molla e Lurës"" OR ""Midanska rijeka - Shau i Kalimanit"" OR Bec OR Mareza OR ""Rekë e Allagës"" OR Sherup OR Kozhnjer OR ""Përroi Papit"" OR ""Përroi Thellosë"" OR ""Përroi i Plavës"" OR ""Përroi Pellshit"" OR ""Përroi Prangullit"" OR Prisovjanska OR Shstitovitsa OR Duhllo OR ""Bogutovački potok"" OR Milishevc OR ""Përroi Çaperkosave"" OR ""Përroi Gurit"" OR ""Savin potok"" OR ""Proni i Škodres"" OR ""Përroi Milloshit"" OR ""Përroi Mizës"" OR ""Përroi Bicës"" OR Restelicë OR ""Përroi i thatë"" OR ""Përroi Krajës"" OR ""Pećka Bistrica"" OR ""Përroi Motinës"" OR Krotaja OR ""Përroi Troshanit"" OR Tayirovskaya OR ""Përroi Shehu i Shllinave"" OR Hoçë OR ""Kanioni i Fluturave"" OR Dlабoka OR ""Përroi Shtodrit"" OR ""Përroi Thatë"" OR ""Lumi Rimnik"" OR ""Përroi Mullinjëve"" OR ""Potok Murići"" OR ""Përroi Palan"" OR ""Lumi i Sopijës"" OR Žlijeb OR ""Përroi Zi"" OR ""Përroi Vozinianti"" OR Valavicharska OR ""Koritski potok"" OR ""Përroi Shajmaqes"" OR Shpatarets OR ""Bratkovički potok"" OR Slatina OR ""Përroi i Vrakës"" OR ""Përroi Lugu i Shkymë"" OR ""Përroi Cam Dedaj"" OR ""Përroi Çudit"" OR ""Përroi Grazhdës"" OR ""Përroi Çeremit"" OR ""Përroi Madh"" OR ""Përroi i Reskut"" OR Deshtica OR ""Kanali i Madh"" OR ""Kanali i Hidrovorit"" OR ""Kanali i Drinit"" OR Vadites OR ""Kanali i i Murtemës"" OR ""Kanali i Shtodrit"" OR ""Kanali i Jubanit"" OR Spathar OR ""Kullues ose Vaditës""",2001,complete,complete,293 results,154 results,,
4,DURO,Douro/Duero,Adaja OR Aliste OR Bembezar OR Bibey OR Cea OR Cega OR Duero OR Embalse de Saucelle OR Embalse de Barropis de Luna OR Embalse De Linares OR Embalse de Richobayo OR Embalse de santa Teresa OR Embalse del Agueda OR Embalse de Almendra OR Embalse de Burgomillodo OR Embalse de la Cuerda del pozo OR Eresma OR Eria OR Esgueva OR Esla OR Espartero OR Guarena OR Huebra OR Largo de Sanabria OR Mourela OR Orbigo OR Porma OR Retortillo OR San Miguel OR Sequillo OR Tera OR Torio OR Tormes OR Travancos OR Valderaduey OR Valdesirgas OR Yeltes OR Agueda OR Arcosso OR Cabrum OR Cavado OR Coa OR Douro OR Embalse alse de Saucelle OR Embalse de Aldeadavila OR Paiva OR Rabacal OR Rabagao OR CAPS(Sabor) OR CAPS(Sabroso) OR CAPS(Seco) OR CAPS(Sordo) OR Tamega OR Tavora OR Tua OR Tuela OR Varosa,"Douro OR Duero OR Pisuerga OR Esla OR Tormes OR Adaja OR Tâmega OR Cega OR Águeda OR Tuela OR Tera OR Sabor OR Valderaduey OR Sequillo OR Cea OR Carrión OR Arlanza OR Trabancos OR Bernesga OR Duratón OR Zapardiel OR Órbigo OR Côa OR Luna OR Paiva OR Riaza OR Rituerto OR Huebra OR Maçãs OR Tua OR Távora OR Porma OR Sousa OR Beça OR Eresma OR Manzanas OR Moros OR Pirón OR Esgueva OR Odra OR Pinhão OR Rabaçal OR Salado OR Valdavia OR Aliste OR Arda OR Corgo OR Massueime OR ""Ribeira de Carvalhais"" OR Támega OR Ucero OR Uces OR Arandilla OR Azibo OR Pedro OR Corneja OR Ebrillos OR Izana OR Lobos OR Talegones OR Torto OR Varosa OR Yeltes OR Arevalillo OR Bercimuel OR Camaces OR Camesa OR Guareña OR Morón OR ""Ribeira da Vilariça"" OR ""de Macedo"" OR Aguisejo OR Cabril OR Escalote OR Ferreira OR Fresno OR Hornija OR Milanos OR Navajos OR Onor OR ""Pequeno - de Feces"" OR Pilde OR Revinuesa OR ""Ribeira das Cabras"" OR ""Ribeira de Leomil"" OR ""Ribeira de Mós"" OR Tinhela OR ""Turones - Tourões"" OR Yuso OR ""da Carvalhosa"" OR ""de Curros"" OR ""de la Ribera"" OR ""Abredo do Pereiro"" OR Agadones OR Aranzuelo OR Aulaque OR Baceiro OR Burejo OR Cavalum OR Cerezuelo OR Inha OR ""Malavao o la Malena"" OR Mau OR Mazores OR Odres OR Pelo OR Razón OR Rejas OR Riofrío OR Temilobos OR Terva OR Torno OR Abión OR Agadón OR Alhándiga OR Almar OR Andaluz OR Areños OR Cabrum OR Ceguilla OR Chico OR ""Garganta de los Caballeros"" OR Gromejón OR Hormas OR Marão OR Morgaez OR Paivó OR Picuezo OR ""Porto do Rei Búbal"" OR Poveda OR Puerma OR Rabazal OR Regamón OR ""Ribeira da Mota"" OR ""Ribeira de Baçal"" OR ""Ribeira de São Cibrão"" OR ""Ribeira de Tourões"" OR ""Ribeira de Vale de Moinhos"" OR ""Ribeira do Bói"" OR ""Ribeira do Cró"" OR ""Ribeira do Mosteiro"" OR ""Ribeira do de Ouro"" OR ""Ribeiro de São Martinho"" OR Rubagón OR ""San Juan"" OR Teixeira OR Valdeguilera OR Vallarna OR ""de Felgueiras"" OR ""de Riofresno"" OR ""de la Duerna"" OR Albarellos OR Aravalle OR Assureira OR Avelames OR Balsemão OR Barbellido OR Bayubas OR Bestança OR ""Burguillo o de los Gatos"" OR Cabras OR Calabor OR Caslilla OR Curueño OR Côvo OR Febros OR Fervença OR Fortes OR Freixieiro OR Froya OR Grande OR Lechada OR Llamosos OR Louredo OR Mayor OR Mente OR Merdero OR Monasterio OR Mousse OR Noemi OR Noéme OR Orza OR Ovelha OR Paivô OR Pequeno OR Perales OR Prádena OR Razoncillo OR Reguero OR ""Ribeira da Lavandeira"" OR ""Ribeira da Seixa"" OR ""Ribeira da Teja"" OR ""Ribeira de Ade"" OR ""Ribeira de Deilão"" OR ""Ribeira de Eiriz"" OR ""Ribeira de Linhares"" OR ""Ribeira de Penacal"" OR ""Ribeira de Ramalhoso"" OR ""Ribeira de Trancosa"" OR ""Ribeira de Veados"" OR ""Ribeira de Vilar Maior - Cesarão"" OR ""Ribeirinha da Nave"" OR ""Ribeiro Tenente - Tenente"" OR ""Rio Cereixo"" OR ""Rio Sonso"" OR ""Rivera de Azaba"" OR ""Rivera de Bozas"" OR Rivera OR Sacramenia OR Sauguillo OR Serrano OR Tinto OR Torderón OR Uima OR Urtigosa OR Uíma OR Vadillo OR ""Vidoeiro ou da Ermida"" OR Villacortilla OR Zamprón OR Zúmel OR ""de Carraixo"" OR ""de Remolina"" OR ""de Soutelo"" OR ""de Valdearcos"" OR ""de Valparaíso"" OR ""de Veade"" OR ""de la Vega"" OR ""de las Heras"" OR ""de los Papeles"" OR ""de los Pontones"" OR ""del Fontano"" OR ""del Payo"" OR ""del Pontón"" OR ""do Vale Madeiro"" OR ""ou da Vila"" OR ""Rivera de Cañedo"" OR Torete OR ""de Arganza"" OR Cerquilla OR Mazos OR ""Ribeira de Santa Natália"" OR ""del Naranco"" OR ""del Valle"" OR Bajoz OR Botijas OR Hontanija OR ""Regato de Adalia"" OR ""Ribeira do Rabo de Burro"" OR ""Rivera de Campeán"" OR Araviana",2005,pending,complete,"failed (14,414)",242 results,try month range?,
5,GLOK,Golok,Golok,"Golok OR ""Sungai Golok"" OR ""Sungai Jegor"" OR ""Sungai Jedok"" OR ""Sungai Lanas"" OR ""Bang Nara"" OR ""Sungai Lemal"" OR ""Sungai Buloh"" OR ""Sungai Tasik Gharu"" OR ""Sungai Nibong"" OR ""Sungai Tanah Merah"" OR ""maenam golok"" OR ""Sungai Pengkalan Nangka"" OR ""Sungai Jambu"" OR ""Sungai Batu Kwong"" OR ""Sungai Jelakong"" OR ""Sungai Keding"" OR ""Sungai Kelisar""",2003,complete,complete,14 results,5 results,,
6,GUDN,Guadiana,Guadiana,"Guadiana OR Zújar OR Ardila OR Záncara OR Jabalón OR Cigüela OR Tirteafuera OR Bullaque OR Matachel OR Chanza OR Guadámez OR Guadalmez OR Amarguillo OR Estena OR Chança OR Guadajira OR Zapatón OR Degebe OR Ortiga OR Azuer OR Caia OR Esteras OR Guadalupejo OR Gévora OR Búrdalo OR Córcoles OR Alcarrache OR Gargáligas OR ""Rivera de Malagón"" OR Riánsares OR Agudo OR Gigüela OR ""Guadiana Viejo"" OR Milagro OR Rus OR Godolid OR Guadamatilla OR ""Rivera de Albarragena"" OR Ruecas OR ""del Sansustre"" OR Cañamares OR ""Rivera de Ratilla o de Golondrina"" OR Rús OR Alcazaba OR Alcollarín OR Bodión OR Estenilla OR Guadarranque OR ""Rivera de la Viguera"" OR Xévora OR Bañuelos OR ""Ribeira da Murtega"" OR ""Ribeira de Lucefécit"" OR ""Rivera del Calaboza"" OR ""Santa María"" OR ""de La Albuera"" OR ""de Sotuélamos"" OR Alcobilla OR Aljucén OR Caya OR Grande OR Guadalefra OR Jualón OR Múrtigas OR Nogales OR Palomillas OR Retín OR Silvadillo OR Valparaíso OR Vascão OR ""de Friegamuñoz"" OR Becea OR Godelim OR Gualemar OR Oeiras OR Ojuelo OR Olivenza OR ""Rivera Peramora de la Alcalaboza"" OR ""Rivera de Chicaspiernas"" OR ""Rivera de Troya"" OR ""Rivera de los Limones"" OR ""San Juan"" OR Valdejudíos OR Valdepineda OR ""de la Serna"" OR ""de las Lagunas"" OR ""del Alamillo"" OR ""del Cubo"" OR valdehierro OR ""Ribeira de Carreiras"" OR Monreal OR ""Ribeira de Maria Delgada"" OR Cambrón OR Pizarroso OR ""Ribeira da Azambuja"" OR ""Ribeira da Pardiela"" OR ""Ribeira de Limas"" OR ""Ribeira de Odeleite"" OR ""Ribeira do Enxoé"" OR ""Barranco das Taipas"" OR ""Ribeira da Foupana"" OR ""Ribeira de Cobres"" OR ""Ribeira de Terges"" OR ""de las Ánimas"" OR ""Ribeira de Algalé"" OR ""Ribeira de Mures"" OR ""Ribeira de Oeiras"" OR ""Ribeira de Toutalga"" OR ""Ribeira do Murtigão"" OR ""Rivera de Táliga"" OR ""de El Rubial"" OR ""de Valdemedel"" OR ""del Cazarejo"" OR Alarconcillo OR ""Barranco do Carvalhal"" OR ""Barranco do João Bilheiro"" OR Harnina OR Malatoro OR Pellejero OR ""Ribeira de Safareja"" OR ""Ribeira de Selmes"" OR ""Ribeira do Vidigão"" OR ""Ribeira do Álamo"" OR ""de Santa María"" OR ""de Valdecañas"" OR ""de la Nava"" OR ""de las Navas"" OR ""del Sillo"" OR ""Barranco da Amendoeira"" OR ""Barranco da Foz do Guadiana"" OR ""Barranco das Amoreiras"" OR ""Barranco de Vila Verde de Ficalho"" OR ""Barranco del Gafo"" OR ""Barranco do Freixo"" OR ""Barranco do Laranjo"" OR ""Barranco do Pego Escuro"" OR ""Barranco dos Alcaides"" OR ""El Molar"" OR Ginjal OR ""Las Viñuelas"" OR Lobo OR ""Regato de la Sardina"" OR ""Regato del Rosal"" OR ""Ribeira da Amieira"" OR ""Ribeira da Asseca"" OR ""Ribeira da Cabroeira"" OR ""Ribeira da Coutada"" OR ""Ribeira da Silveirinha"" OR ""Ribeira de Vasconcilhos"" OR ""Ribeira do Alfardagão"" OR ""Ribeira do Mata Frades"" OR ""Ribeira do Pigeiro"" OR ""Ribeiro da Laje"" OR ""Ribeiro da Tapada"" OR ""Ribeiro dos Mosqueiros"" OR Torto OR ""de Aljozar"" OR ""de Calamón"" OR ""de Cuncos"" OR ""de Fresnedoso"" OR ""de Gevorele"" OR ""de Huerto Moreno"" OR ""de Malagón"" OR ""de Rivilla"" OR ""de San Gabriel"" OR ""de Valdeborrachos"" OR ""de Valdelacasa"" OR ""de Valdespino"" OR ""de Villaverde"" OR ""de la Charca"" OR ""de la Veguilla"" OR ""de las Peralosas"" OR ""de los Cabriles"" OR ""del Conejo"" OR ""del Cortijo"" OR ""del Hato o del Pozo de la Torre"" OR ""Acequia de Marcelén"" OR Albarregas OR Bardero OR ""Barranco da Cabrita"" OR ""Barranco da Horta do Almada"" OR ""Barranco da Lage"" OR ""Barranco da Lapa da Castelhana"" OR ""Barranco da Matosa"" OR ""Barranco da Nora"" OR ""Barranco da Parreira"" OR ""Barranco da Salvada"" OR ""Barranco da Sobreira"" OR ""Barranco da Vaca""",2005,pending,complete,"failed (2,295)",2 results,try without a limit,
7,IRWD,Irrawaddy,Irrawaddy OR Daying OR Long Chuan OR Thoubal Turel OR Logtak Lake OR Chidwin OR Chindwin OR Chinthe OR Gedu OR Heinhtun OR Iudawgyi Lake OR Kaukkwe OR Kiu OR Kodan OR Lang OR CAPS(Ma) OR Mali OR Manipur OR Meza OR CAPS(Mon) OR Mu OR Myitnge OR Myittha OR Nampak OR Namyin OR Nat E-zu OR Nmai OR Pani OR Schweli OR Tainggwin OR Tamai OR Tarung OR Tizu-Nantaleik OR Uyn OR CAPS(Yao) OR CAPS(Yu) OR Zahaw,"Irrawaddy OR ""kyin gyin tawn mway"" OR tharaylimyin OR mabumyit OR ""N'Mai Hka"" OR Longchuanjiang OR mwaythi OR ""Mali Hka"" OR Ayeyarwady OR hlaingyay OR nay OR ""Ta Rung Hka"" OR ""Tai Ping Jiang"" OR Manipur OR ""Mingtanyi Byin"" OR Nanwanhe OR lajabdaingyin OR Tizu OR taphayinmri OR ""Log Lai Hka"" OR Dulongjiang OR yawaingyi OR ""Chaung Ma Gyi Chaung"" OR ဧရာဝတီမြစ် OR Mu OR thandawaddytharyatkyin OR moychaingyi OR mumyit OR ""Kelonglong He"" OR ""Ruili Jiang"" OR thamnyu OR ""Nam Hkai"" OR ""Mo Le"" OR shakinyayang OR ""Nam Tamai"" OR Yu OR Mon OR ""Nam Taik"" OR ""khakaborazi national park"" OR ""Nam Yak"" OR ""hlaingyi nayik"" OR ""khakabo razi"" OR ""N'mai tributary"" OR thaybyan OR ""Ta Zu Wang"" OR Mone OR Iril OR lincyin OR ""Dulongjiang Zhiliu"" OR Ridonghe OR nammyitkyaung OR ""Sak Se Hka"" OR ""Nantaleik Chaung"" OR Namtu OR ""Sin Kan Chaung"" OR ""Ta Ron Hka"" OR ""Nam Yao"" OR ""pyadu kyi tawng"" OR ""Hpaungma Hka"" OR ""Wandeng He"" OR ""naypya naypya"" OR manyayang OR ""Naymyetha Myitkyina"" OR ""Dulong Jiangnanzhi"" OR ""Nam Hkao"" OR Ponn OR ""Nam Tu"" OR ""Ji Tai He"" OR ""Tisawang Yü"" OR mamnway OR ""thariky dawngyi"" OR ""Namkawng Chaung"" OR ""Ge Du Hka"" OR ""Chi Pwi Hka"" OR tanaing OR dawdawngyun OR lamaybawgyein OR ""Xisha He"" OR ""Nan Ton Tun"" OR ""Nam Panga"" OR ""Nam Paw"" OR ""Tai Yong Yu"" OR besa OR Mabilo OR ""Ye Wa Chaung"" OR ""Chaung Magyi"" OR ""Tsiwang Yü"" OR ""Tanai Hka"" OR ""Ahk Yang Ti"" OR ""Bu Yo Chaung"" OR ""Sa Nip Hka"" OR hlaingwetlantayin OR ""Nan Pa Chaung"" OR ""Takyem Hka"" OR ""Taga Hka"" OR ""kyaungpya kyaungpya"" OR ""Nan Maw Chaung"" OR ""Pa Yan Pa Ga"" OR kyinmatakyin OR sahpyitkyaung OR Taret OR Kelaoluoh OR ranpyitkyin OR ""Nam Hsi Haw Chaung"" OR lannwanybawdawngy OR river OR ""Nam Pan Se Chaung"" OR ""Gok Twin Chaung"" OR ""NamYaung Hka"" OR phanyayay OR Kyingkhran OR mamaybawgyin OR ""Nan Ma Chaung"" OR ""Kelonglong He Zhi Liu"" OR ""Mwe Chaung"" OR ""Ngaw Chaing Hka"" OR thaynba OR ""Naga Chaung"" OR sawbawgyi OR sintlawbawdawngy OR ""Paung Aw Chaung"" OR ""In Baung Chaung"" OR ""Kauk Kwe Chaung"" OR kula OR ""Pya Malaw"" OR ""Mo Sit Chaung"" OR Nampaung OR ""myni bawngyin"" OR ""Khuileng Dung"" OR ""Yinn Chaung"" OR ""Tuisa Dung"" OR Imphal OR ""phannkayn mway"" OR inhtdaungyin OR mandawngyin OR Nandaihe OR ""Nawng Yang Hka"" OR daungnaydawngyin OR Lokchao OR Nat OR namsaklaybawngyin OR thitkayin OR Mujuequ OR ""Ka Byo Chaung"" OR ""Yin Ye Chaung"" OR ""Sa Lak Hka"" OR ""In Ge Ni Chaung"" OR ""Jia Ruò"" OR tharyayay OR kyaungyin OR ""Mei Xue"" OR ""Kawāla Hka"" OR ""Naneka Chaung"" OR ""Nam Myit Chaung"" OR ""Zhu Xia Ma He"" OR ""Seik Htein Chaung"" OR ""Ye Ta Gun Chaung"" OR Tinzin OR ""Son Chaung"" OR ""Nga Lang Hka"" OR ""Shwe Chaung"" OR saintlaw OR sadayay OR ""Shin Chaung"" OR nammyatthi-kyin OR ""Let Pan Chaung"" OR Lainyi OR ""Nan Guan He"" OR ""Nam Yi"" OR ""Nam Hkong"" OR ""Nam Koal"" OR ""Nam Man Pat"" OR pharnatdaungyay OR Makao OR manayangbin OR ""Nam Ya"" OR ""Nawng Jai Hka"" OR ""Chilachi Chaung"" OR tharaybawngy OR ""Nan Ka Tha Chaung"" OR thlankhantkyan OR ""east Ma Kaw"" OR ""Sa Don Chaung"" OR ""Tiwan Lam"" OR east OR Tsutha OR ""Phil Lui"" OR ""Myay Nu Chaung"" OR ""Tuileng Dung"" OR ""Kana Lok"" OR Tengyuehe OR Chakpi OR ""Chaung Thon Se Chaung"" OR Khuga OR naykyin OR ""On Ta Zu Chaung"" OR nannayinbawgyein OR ""Salaw Wang"" OR ""La Wang"" OR ""La Waing"" OR moymawgyi OR ""Dat Taw Chaung"" OR Daungmyu OR ""Ma Kyaung"" OR ""Maw Kyaung"" OR ""Muk Hkaung Kyaung"" OR ""Shadong He"" OR ""Deg Ling Wang"" OR MeiXueB OR Dulonggu OR ""Nyaw Myaw Hka"" OR ""Khunou Khong""",2007,failed,failed,,,try month range?,2025-11-29 15:52:49
8,ORAL,Oral/Ural,CAPS(Oral) OR Ural,"Ural OR Oral OR Urals OR Zhayyk OR Sakmara OR Ilék OR Shyngrau OR ""Kazayyk - Ural"" OR Elék OR ""Elék - Ilék"" OR Tanalik OR Or OR Gumbeyka OR Orь OR Suyunduk OR Shagan OR ""Bolshoy Kizil"" OR Burtya OR ""Bolshoy Kumak"" OR Dzharly OR ""Bolshoy Ik"" OR ""Ulken Qobda"" OR Zingeika OR Derkul OR ""Bolshaya Karaganka"" OR Barbastaу OR Qaraqobda OR Salmysh OR Urta-Burtia OR Chernaya OR ""Jaksy Qargaly"" OR Yangelka OR Izenankaty OR Donguz OR Bagyrly OR Guberlya OR Zhusa OR Kasmarka OR Kiya OR Kiyaly-Burtya OR Elshanka OR Zilayir OR Kindelya OR ""Malyy Kizil"" OR Oysylqara OR Berdyanka OR Burly OR Urus-Kisken OR Shoska OR Rubежka OR Khudolaz OR Tanabergen OR ""Bolshaya Urtazymka"" OR ""Sukhaya Guberiala"" OR Kargalka OR Shyeli OR Kumak OR Karaoba OR ""Sholakan Katy"" OR Zaryk OR Chebinka OR Mamyit OR ""Kara butak"" OR Zhamansu OR Embolat OR Nyet OR Tabantal OR Kamsak OR Ashi OR Ushkota OR Urlyada OR Mindyak OR Irték OR Chebakla OR Solyanka OR Saryqobda OR ""Malyy Buzavlyk"" OR Kuagash OR Ut'yaganka OR Alymbet OR Mandesarka OR Tamdy OR Kamenka OR Zazhivnaya OR Ak-su OR Aydyrlya OR Talovaya OR Oleny OR Kushikbay OR Bykovka OR Köktöbe OR ""Srednyaya Kargalka"" OR Sukhaya OR Sukhorechka OR Tashelka OR Grязnushka OR Il'iaska OR Khobda OR Kukpykta OR Kyzyl-Chilik OR Kamysh-Samaraka OR Balbinka OR Bakhta OR ""Krepostnoy Zilayr"" OR Burlya OR Vetlyanka OR Mendybay OR ""Srednyaya Chebinka"" OR Blyava OR Studenets OR Cherotayka OR Bukabai OR Aqsu OR Kuperankaty OR Eltyshyevka OR Pis'menka OR Sivushka OR Kairakhta OR Kuruil OR ""Kishy Embolat"" OR ""Kara bas"" OR Karağachka OR ""Kishi Qobda"" OR ""Qobda - Khobda"" OR Barakal OR Bizgindy OR Viazovka OR Sol OR Analik OR Sarymyrza OR Bauzda OR ""Bolshaya Verbovka"" OR Katrala OR ""Kishy Qobda - Malaya Khobda"" OR Krutaya OR Ishkargan OR Usayka OR Podgornaya OR Zheñiškesay OR Korasha OR Kindelka OR Zhenishke OR ""Malaya Khobda"" OR Uzelga OR Sazdy OR Zharkutak OR Dzhamylchisay OR Polkovaya OR Aktashka OR Temir-Zingeika OR Klyuchi OR Grязnuha OR ""Bolshaya Kayała"" OR Kinderya OR Sandingash OR Ašebutak OR Shandasha OR Terektisay OR ""Nizhnyaya Gusikhaya"" OR Berezovka OR Makan OR Yakshi-Akzhar OR Tashla OR Suyk-Bulak OR ""Shagan - Shagan"" OR ""Köshim arnası"" OR Ashitbutak OR Qobda OR Zhaman-Akzar OR ""Bolshaya Bykovka"" OR Kyzylkayyn OR Kuragan OR Birsya OR Erykla OR Qaraagash OR Aralcha OR ""Bolshaya Zubochistenka"" OR Kugutik OR ""Malaya Zubochistenka"" OR ""Malyy Ik"" OR Kurala OR Bazarka OR Ankaty OR Karağayly OR ""Stariitsa Utvva"" OR ""Vtoroy Makan"" OR Vilnyaya OR Subutak OR Karan OR ""Kamennaya gryada"" OR Sapsal OR Kiyma OR Butaq OR Taisara OR ""staritsa Ilek"" OR Burla OR Kipchak OR Solonchanka OR Embulatovka OR ""Bolshoy Yushatyr"" OR Mazara OR Aqmola OR Polkovushka OR Kirsya OR Kogatyk OR Rychkovka OR Ashyshay OR ""Mal. Griznukha"" OR ""Bolshoy Kazmash"" OR Bashkirka OR Musogatka OR Milanka OR ""Malaya Karaganka"" OR Shybyndy OR ""balka Talovaya"" OR Amambayka OR Karaelga OR Konsu OR Tukhlyy OR Turatkka OR Kandyburak OR Kyrghyldysay OR Taran-gul OR Kolymbay OR Kurgash OR Bashik OR Kara-ganka OR Iktimer OR Akshakalka OR Urdaza OR Magash OR Karağashты OR Kyzylsai OR ""rukav Ori v period pavodka"" OR Kolpachka OR Akbulak OR Yakshidavlet OR Izbaulgan OR Mrizoyurgan OR Medes OR Goryachka OR Zirekla OR Shumok OR Rzhavchik OR Shekar'elga OR Talasya OR Tuyalas OR Musyk OR Suluerik OR Baral OR Tuzlukkol OR ""Tash tuy"" OR ""Srednyaya Rechka"" OR Irykla OR Zhurakova OR Derghaysh OR ""Izvestkovyy log"" OR Yaprakty OR ""Levaya tabylgash ty"" OR Baytuk",2004,complete,complete,948 results,92 results,,
9,ORAN,Orange,Auob OR CAPS(Fish) OR CAPS(Ham) OR Nossob OR Olifants OR Boskloof OR CAPS(Bulk) OR Caledon OR Dwars OR Flouriespruit OR CAPS(Great Fish) OR Groot OR Groot Vloer OR Harts OR Heks OR Houdenbek OR Kaffir OR Kammanassie OR Kareekloof OR Kariega OR Kgabanyane OR Klip OR Koekedou OR Kromme OR Kruis OR Kuruman OR Laughin Water OR Leeu OR Loopspruit OR CAPS(Lower Fish) OR Mahawana OR Modder OR Molopo OR Mooi OR Nuwejaarspruit OR Oorkanste OR CAPS(Orange) OR Palmiet OR Populierbosspruit OR Quains OR Rietspruit OR Rooikloof OR CAPS(Sand) OR Sanddriftskloof OR Sandgat OR Skaap OR Smalblaar OR Swartkops OR Tarka OR Titus OR Vaal OR Vaal Dam OR Valsh OR Van Stadens OR Verneuk Pan,"Orange OR Molopo OR Vaal OR Nossob OR Oranje OR Sakrivier OR Caledon OR ""Black Nossob"" OR Harts OR Riet OR Modder OR Fish OR Ongersrivier OR Auob OR Vals OR Wilger OR Kuruman OR Senqu OR Konkiep OR Sand OR Hom OR ""White Nossob"" OR Hartebeesrivier OR Gamchab OR Renoster OR Hamb OR Moshaweng OR Kliprivier OR Kainab OR Seekoei OR Kam OR Wilge OR Blesbokspruit OR Liebenbergsvlei OR Makhaleng OR Brack OR Kaboep OR Kraai OR Vet OR Watervalriver OR Guruchab OR Oanob OR Semliki OR Malibamats'o OR Meulrivier OR Brakrivier OR Nousrivier OR Senqunyane OR Vetrivier OR Klein-Vaalrivier OR Suikerbosrand OR Cornelis OR Mooirivier OR Sout OR Goma-Aib OR Gaab OR Kalf OR Hudup OR Klip OR Kwaaiputs OR Laaispruit OR Matsoku OR Rietspruit OR Sebapala OR Usib OR Blomspruit OR Sandspruit OR Tierpoort OR Blesbok OR Kanibes OR Lewer OR Oorlogspoort OR Spruitsonderdrif OR Asab OR Oerknoep OR Arus OR Butawu OR Doringrivier OR Ketane OR ""Rooi Ariams"" OR Skoonspruit OR Tele OR ""Stormberg Spruit"" OR Tseolike OR Visrivier OR Wilgerivier OR Elandsrivier OR Kaalspruit OR Suurbergspruit OR Taaibosspruit OR Bokong OR K'henene OR Korob OR Maletsunyane OR Qhoali OR Quthing OR Sak OR Trichardspruit OR Bell OR Kromelmboogspruit OR Kwaggalaagte OR Maphuts'eng OR Marydale OR Qomoqomong OR Ramatlabama OR Sterkspruit OR Stormbergspruit OR Tses OR Tuins OR Bak OR Broekspruit OR Elandspruit OR Heirachabis OR Kamaseb OR Klipspruit OR Leqooa OR Qabane OR Bulbergspruit OR Gawagam OR Heuningspruit OR Kouroprivier OR Kraairivier OR Mokhotlong OR Naiams OR Namahali OR Osso OR ""Rus se Spruit"" OR Berseba OR Boesmanspruit OR Huams OR ""Katbos Spruit"" OR Klein-Modder OR Koolspruit OR Likhaebaneng OR Natalspruit OR Qanya OR Renosterloop OR Tlaling OR Aub OR Fosina OR Garichanab OR ""Klein Drinkwater"" OR Leeuspruit OR Lithipeng OR Makwassiespruit OR Mashai OR Mekaling OR Mok'hopha OR Mutojo OR Nuwejaarspruit OR Osspruit OR Qaqatu OR Seja-Batho OR Bolahla OR Brakspruit OR Drinkwaterspruit OR ""Farta Jawahar"" OR Fika-le-Motho OR Grootspruit OR Harib OR Hartebeest OR Helskloof OR Hlotse OR Hololo OR Kao OR Kaoab OR Khilibiting OR Khomokhoana OR Klein-Drinkwaterspruit OR Knopkieriespruit OR Kromspruit OR Kubub OR Libobeng OR Likalaneng OR Liphofung OR Lits'oeneng OR Litsoetse OR Loling OR Maboloka OR Makhoaba OR Matseng OR Melkspruit OR Mojakhomo OR Mokotakoti OR Mosenyasenya OR Mots'o-Mats'o OR Mphojoa OR Narob OR Ndomoka OR Nts'upe OR Obub OR Olifants OR Phuthiatsana OR Qabalatsane OR Ramatlama OR Renosterspruit OR Rietfontein OR Rooiwalspruit OR Sanqebethu OR Semenanyane OR Setlagole OR Shari OR Tlholohatsi OR Ts'ehlanyane OR Watervalspruit OR Wolwespruit OR Korabib OR Annisrivier OR Brabees OR ""Klein Nossob"" OR Witvleispruit OR ""Kalkgate se sloot"" OR ""Vanderwaltsfontein Spruit"" OR Kameelhaar OR Loewenrivier OR LELIBABU OR Skulpspruit OR Hangas OR Hart OR Holspruit OR Rooimond OR Auros OR Gurus OR LODILIR OR Palmietspruit OR Rietsptuit OR Libe OR Loya OR Maliemere OR Oudagspruit OR Skaap OR 'Malifatjane OR Atlasvillespruit OR Bamboesspruit OR Carnarvonleegte OR Cat OR Duplooyspruit OR Gansvleispruit OR ""Hendrik Smithstroom"" OR Jagkraalspruit OR Kaiserkrone OR Liketlane OR Ouwerfspruit OR 'Makhale OR Afaẖ OR Bloubosspruit OR Boalathapo OR Boalathatsoana OR Bobete OR ""Boom Loop"" OR Boom OR Dwarsspruit OR Fanana OR Gryskopspruit OR KANANGOROK OR Kasaweb OR Kholong OR Khomo-Khoana OR ""Klein Riet"" OR Klein-Boetsaprivier OR Klein-Wilgerivier OR Kobong OR Kofa",2007,failed,failed,,,"both failed. If it fails on retry, leave out?",2025-11-29 15:55:40
10,OYPK,Oiapoque/Oyupock,Oiapoque OR Oyupock OR Camopi,"Oiapoque OR Oyupock OR Camopi OR Anotaie OR Cricou OR Iaué OR Yaloupi OR Marupi OR Noussiri OR Armontabo OR Gabaret OR Sikini OR Mutura OR Elepoussing OR Farouche OR Inipi OR ""Grand Tamouri"" OR Apamari OR ""Deux Djols"" OR Caïman OR Fourcadière OR Mulim OR Mémora OR Primavera OR Tangarapé OR Pantanari OR Touatou OR Alikéné OR Continent OR ""Moulou-Moulou Chinale"" OR Mutaquere OR Pracassoca OR Mali OR ""Peke'a Yula"" OR ""Rivère Kérindioutou"" OR Samakou OR Yanioué OR Ɨwilɨtɨ OR Moyulɨ OR Panel OR ""Paso de Garay"" OR Sawawé OR Taparalale OR ""Tsiminiwɨp Tɨãkã"" OR Kweyulɨ OR Pino'o OR ""Saut Tampak"" OR Tampak OR Walapululɨ OR Alicorne OR Jalbot OR Kalaoukwa OR Kunamilɨ OR Mariwa OR ""Moulou Moulou Chinale"" OR Mɨlɨsilɨ OR Otalak OR Sable OR ""das Areias"" OR Ɨpɨsĩpẽ OR Apamãlɨ OR ""Bɨlɨkɨtsi Tɨãkã"" OR Claire OR ""Kotiñã Tɨãkã"" OR Meikololɨ OR Moyoukoupéa OR Mulini OR Oulapaléya OR Pakasoka OR Saint-Jean OR Takouané OR Comptable OR Ouroukourou OR Pajeú OR Paul OR Pavayacu OR Sinipa OR Towatu OR Waseypẽ'ɨ OR Yengalu OR Ɨloa'ite OR Bernal OR ""Bâton Pilon"" OR Chien OR Diable OR Diamant OR Mawéyo OR Pajeu OR ""Peke'a Kay"" OR ""Polido Tɨãkã"" OR Sacarangue OR ""Tɨãkã Wali'ɨ"" OR Uassipein OR Wɨlasapakunawiwa OR Yawapa OR ""do Macuco"" OR Ɨsukɨ OR Kulumulilɨ OR Suivelale OR Kanguélalou OR Saouaoué OR Tale'ɨãkãlɨ OR Tãmũkũelaa OR Efcé OR Kalalɨwa OR Kwatapãpẽlɨ OR Mepalalou OR ""Oula Oulou"" OR Pailalɨ OR Peke'alɨ OR Pilaviri OR Suiyelalɨ OR Waseytɨ OR ""Alat A"" OR Kumbalɨka OR ""Las Lagunitas"" OR Pea'ɨ OR Pilakwa OR ""Pilawili Miti"" OR Sa'ikuiwakealɨ OR Saint-Pierre OR Teakwaliwõ OR Tizã OR Tuyukumũlɨ OR Tɨapu OR Tɨãkãtulu OR Yakalekwale OR Yanɨpalɨ OR ""Zouï Kanguélalou"" OR Ɨkanikani OR Egipto",2002,failed,failed,,,"both failed. If it fails on retry, leave out?",2025-11-29 15:57:58
11,PUNG,Pungwe,Pungwe,"Pungwe OR Púnguè OR Vunduzi OR Nhandugue OR Urema OR Honde OR Mecumbeze OR Mucambezi OR Muda OR Nhapherua OR Metuchira OR Nyamokombe OR Mussapássua OR ""Dinguè Dinguè"" OR M'tuchira OR Mueredzi OR Nhamacurara OR ""Mosca de Sono"" OR Bigimite OR Luusilubi OR Mecudzi OR Msicadzi OR Mudzingadzi OR Ruír OR Sambize OR Muazi",2002,complete,complete,25 results,5 results,,
12,RHON,Rhone,Lake Geneva OR CAPS(Rotten) OR Aigues OR Ain OR Arc OR Ardeche OR Arly OR Asse OR Balaing OR Buech OR Cenise OR Dorinet OR Doron De Beaufort OR Doubs OR Drac OR Drome OR Durance OR Eau D'Olle OR Fier OR Flumet OR Gees OR Geez OR Grosne OR Infernet OR Lac d'anneay OR Lac de Serre-ponson OR Lac du Bourget OR Lac Leman OR Lone OR Poncellamont OR Rhone OR Riou OR Rious Gras OR Romanche OR Saone OR Torrent de la Sassiere OR Verdan OR Veyle OR Isere,"Rhone OR ""Le Rhône"" OR ""La Saône"" OR ""Le Doubs"" OR ""La Durance"" OR L'Isère OR L'Ain OR ""La Drôme"" OR Rotten OR L'Ardèche OR L'Ognon OR ""La Cèze"" OR L'Arve OR ""Le Drac"" OR ""La Loue"" OR ""La Seille"" OR ""Le Verdon"" OR ""Le Gardon"" OR ""Le Côney"" OR L'Ouvèze OR L'Eygues OR L'Eyrieux OR L'Ouche OR ""La Bléone"" OR ""La Reyssouze"" OR ""Le Calavon"" OR ""La Vingeanne"" OR ""Le Chassezac"" OR ""La Chalaronne"" OR ""La Dheune"" OR ""La Grosne"" OR ""Le Dessoubre"" OR ""Le Drugeon"" OR ""Le Fier"" OR ""Les Usses"" OR L'Arc OR L'Oule OR ""La Lanterne"" OR ""Le Doux"" OR ""Le Gardon de Saint-Jean"" OR ""Matter Vispa"" OR L'Allaine OR L'Azergues OR ""La Bourbre"" OR ""La Brenne"" OR ""Le Guil"" OR ""Le Lauzon"" OR ""Le Roubion"" OR L'Allondon OR L'Amance OR L'Herbasse OR L'Orain OR ""La Guyotte"" OR ""Le Lez"" OR ""Le Petit Buëch"" OR L'Arvan OR L'Ignon OR L'Ougeotte OR ""La Galaure"" OR ""La Romaine"" OR ""La Tenarre"" OR ""La Veyle"" OR ""Le Gardon d'Alès"" OR ""Le Gier"" OR ""Le Gland"" OR Navizence OR ""de Miribel"" OR Dranse OR L'Asse OR L'Aygues OR L'Ibie OR ""La Beaume"" OR ""La Bourne"" OR ""La Colombine"" OR ""La Guisane"" OR ""La Gère"" OR ""La Tille"" OR ""La Varèze"" OR ""Le Buëch"" OR ""Le Gardon de Sainte-Croix"" OR ""Le Guiers"" OR ""Le Jabron"" OR ""Le Lison"" OR ""Le Rahin"" OR Vispa OR Dala OR ""Dranse de Bagnes"" OR ""L'Asse de Clumanc"" OR L'Ubaye OR ""La Brévenne"" OR ""La Clarée"" OR ""La Dranse d'Abondance"" OR ""La Roanne"" OR ""La Savoureuse"" OR ""La Valserine"" OR ""La Volane"" OR ""Le Cusancin"" OR ""Le Gardon d'Anduze"" OR ""Le Garon"" OR ""Le Guiers Mort"" OR ""Le Rupt"" OR ""Le Salon"" OR ""Le Sasse"" OR L'Allan OR ""La Borgne"" OR ""La Bèze"" OR ""La Cance"" OR ""La Deûme"" OR ""La Droude"" OR ""La Dunière"" OR ""La Gourgeonne"" OR ""La Guye"" OR ""La Leysse"" OR ""La Luye"" OR ""La Promenthouse"" OR ""La Seillette"" OR ""La Superbe"" OR ""La Vence"" OR ""La Vièze"" OR ""Le Bréda"" OR ""Le Chalon"" OR ""Le Flon"" OR ""Le Furans"" OR ""Le Renon"" OR ""Le Solnan"" OR ""Le Séran"" OR ""Le Toulourenc"" OR ""Le Vieux Jonc"" OR ""Torrent de la Lombarde"" OR Bentrix OR ""Bief de Fuesse"" OR Binna OR ""Doron de Termignon"" OR L'Aiguillon OR L'Aire OR L'Ardière OR L'Aubonne OR L'Auzon OR L'Avance OR L'Avançon OR L'Ennuye OR L'Eyguemarse OR L'Yzeron OR L'Èze OR ""La Barberolle"" OR ""La Bouzaise"" OR ""La Braune"" OR ""La Calonne"" OR ""La Cuisance"" OR ""La Ganière"" OR ""La Gervanne"" OR ""La Lande"" OR ""La Lizerne"" OR ""La Morges"" OR ""La Raille"" OR ""La Salindrenque"" OR ""La Sauve"" OR ""La Sure"" OR ""La Venoge"" OR ""La Véga"" OR ""La Véore"" OR ""Le Bez"" OR ""Le Boiron"" OR ""Le Bourdic"" OR ""Le Condoie"" OR ""Le Dolon"" OR ""Le Durgeon"" OR ""Le Largue"" OR ""Le Lion"" OR ""Le Luech"" OR ""Le Luol"" OR ""Le Marverand"" OR ""Le Meuzin"" OR ""Le Nizerand"" OR ""Le Rabioux"" OR ""Le Rancure"" OR ""Le Réallon"" OR ""Le Sevron"" OR ""Le Tréry"" OR ""Le Vannon"" OR Massa OR Meyrosse OR Orbize OR ""Riou de Jabron"" OR Saint-Nicolas OR ""Torrent de la Cerveyrette"" OR Trient OR d'Ambin OR ""de Borgne"" OR ""de Charbonnières"" OR ""de l'Esconavette"" OR ""Bief du Moulin Bernard"" OR ""Bras Mort de la Barthelasse"" OR ""Bras de Sancé"" OR ""Bras de Seveux"" OR ""Bras de la Piboulette"" OR Chassezac OR Grande OR Gyr OR Gyronde OR L'Allemogne OR L'Alzon OR L'Amous OR L'Anary OR L'Arlois OR L'Arnisson OR L'Arveyron OR L'Auzonnet OR L'Auzène OR L'Escoutay OR L'Eysse OR L'Hyères OR L'Issole OR L'Oron OR L'Ugine OR ""La Bialle"" OR ""La Bialliere"" OR ""La Biètre"" OR ""La Bièvre"" OR ""La Bonne"" OR ""La Bourbeuse"" OR ""La Bourbonne"" OR ""La Brême"" OR ""La Bège"" OR ""La Chamberonne"" OR ""La Claysse"" OR ""La Corne"" OR ""La Coronne"" OR ""La Cuse"" OR ""La Daronne""",2003,failed,failed,,,"both failed. If it fails on retry, leave out?",2025-11-29 16:00:34
13,SCRO,St. Croix,St. Croix OR Chiputneticook,"""St. Croix"" OR ""Saint Croix"" OR Monument OR ""East Branch Big Musquash"" OR Tomah OR Grand OR ""Big Musquash"" OR Clifford OR ""Forest City"" OR Greenleaf OR Hay OR Huntley OR Anderson OR Berry OR Duck OR ""Little Musquash"" OR Little OR Dennis OR Meadow OR Millberry OR Canoose OR Gallop OR Pirate OR ""Big La Coote"" OR Casey OR Diggity OR ""Grand Falls"" OR Greenland OR Lombard OR Magurreweck OR Oxbow OR Scott OR Trout OR ""Billy Weston"" OR Blood OR Bolton OR Brook OR Bush OR Chain OR Chamcook OR Clark OR Dog OR Dunham OR ""East Branch Magurreweck"" OR ""East Greenland"" OR George OR Goat OR Grassy OR ""Green Brown"" OR Huckleberry OR Kennebec OR ""Little Goat"" OR McCarley OR Mill OR Mohannes OR Musquash OR Palfrey OR Penio OR Sears OR Shaws OR Soap OR ""South Branch Mosquito"" OR ""South Branch Rolfe"" OR ""Sprague Meadow"" OR Stuart OR Tuttle OR ""West Branch Millberry""",2001,failed,complete,,124 results,re-try new. If it fails run both with month range,2025-11-29 16:02:30
14,TAGU,Tagus/Tejo,Tagus OR A Campon OR Alagon OR Alberche OR Algodor OR Arroyo Canares OR Arroyo de la Venta OR Arroyo Esparragalejo OR Arroyo Helechal OR Embalse de Alcantara I OR Embalse de Alcantara II OR Embalse de Borbollon OR Embalse de El Vado OR Embalse de Entrepenas OR Embalse de Gagriel y Galan OR Embalse de Rosarito OR Embalse de Santillana OR Embalse de Buendia OR Embalse del Burguillo OR Fresnera OR Generala OR Guadarrama OR Guadiela OR Guadiloba OR Henares OR Jarama OR Jartin OR Lozoya OR Manzanares OR Navalmedio OR Pradera OR Salor OR Tajo OR Tajo y Sever OR Tajuna OR Tamuja OR Tietar OR Yedra OR Alva OR Barragem de Cabril OR Barragem de Maranhao OR Barragem de Montargil OR Barragem de Pracana OR Embalse De Cedillo OR Erges OR Mondego OR Muje OR Ocreza OR Ponsul OR S. Vicente OR Seda OR Sever OR Soa OR Sor OR Sorraia OR Tejo OR Toulica OR Zezere,"Tejo OR Tagus OR Tajo OR Alagón OR Alberche OR Tiétar OR Henares OR Tajuña OR Guadarrama OR Jarama OR Zêzere OR Erges OR ""Riu das Elhas"" OR Salor OR Guadiela OR Gallo OR Ocreza OR Almonte OR Algodor OR Lozoya OR Mayor OR ""Ribeira do Aravil"" OR Sever OR Cañamares OR Garciaz OR Gévalo OR Ponsul OR Pônsul OR Árrago OR Jerte OR Manzanares OR Perales OR Sorbe OR Unhais OR Escabas OR Guadiloba OR Guadyerbas OR Pusa OR Tozo OR Alburrel OR Ambroz OR Ayuela OR Badiel OR Erjas OR Nabão OR Ablanquejo OR Almonda OR Bornova OR Calvache OR Cofio OR Cuervo OR Dulce OR ""Ribeira da Meimoa"" OR ""Rivera del Bronco"" OR Salado OR Ibor OR ""Ribeira de Alge"" OR ""Ribeira de Alpreade"" OR ""Ribeira de Meimoa"" OR ""Ribeira de Muge"" OR Alviela OR Arandilla OR Arbillas OR Arenal OR ""Cuerpo de Hombre"" OR Esperabán OR Hurdano OR Jumadiel OR Linares OR Magasca OR Navacerrada OR Palomero OR ""Rivera Trevejana"" OR ""Rivera de Araya"" OR ""Rivera de Calatrucha"" OR ""Rivera de Fresnedosa"" OR ""Rivera del Castaño"" OR Torto OR ""de los Ángeles"" OR Aliendre OR Basádiga OR Bazágueda OR Berzocana OR Casillas OR Cifuentes OR Francia OR ""Garganta de Cuartos"" OR ""Garganta de Valdetejo"" OR Garigay OR Gaznata OR Gualija OR ""Guatel Segundo"" OR Huso OR ""Ribeira da Isna"" OR ""Ribeira das Taliscas"" OR ""Ribeira do Corges"" OR ""Ribeira do Marmelal"" OR ""Rivera Aurela"" OR ""Rivera de Carbajo"" OR ""Rivera de Rehana"" OR Sangrera OR Sotillos OR Tamujoso OR ""Vala da Azambuja"" OR ""de la Hoz"" OR ""del Aguijon"" OR ""del Torcón"" OR Alcantud OR Alenquer OR ""Argañil de la Nava"" OR Astillero OR Bahorno OR Beijames OR Bullones OR Copernal OR Cáparra OR Dueñas OR ""Garganta Gualtaminos"" OR ""Garganta La Hoz"" OR ""Garganta Lóbrega"" OR ""Garganta Tejea"" OR ""Garganta de Alardos"" OR ""Garganta de Toledo"" OR ""Garganta del Encinoso"" OR Garibay OR ""Grande da Pipa"" OR Grande OR Jartín OR Ladrillar OR ""Mayor de Cuevas de Velasco"" OR Milano OR Ramacastañas OR ""Regato Vereda"" OR ""Regato de Cabrioso"" OR ""Ribeira da Lamarosa"" OR ""Ribeira da Sertã"" OR ""Ribeira da Teixeira"" OR ""Ribeira da Toula"" OR ""Ribeira de Arades"" OR ""Ribeira de Caria"" OR ""Ribeira de Coalhos"" OR ""Ribeira de Codes"" OR ""Ribeira de Eiras"" OR ""Ribeira de Inguias"" OR ""Ribeira de Monsanto"" OR ""Ribeira de Pracana"" OR ""Ribeira do Caia"" OR ""Ribeira do Taveiró"" OR ""Ribeiro da Senhora de Mércoles"" OR ""Ribeiro do Manhel"" OR ""San Juan"" OR Tamuja OR Torote OR Tripeiro OR ""Vala do Carregado"" OR ""Valdecolmenas de Arriba"" OR Viejas OR Vindel OR ""de Alenquer"" OR ""de Arrofresnos"" OR ""de Cantos"" OR ""de La Aceña"" OR ""de La Hoz"" OR ""de Sacedón"" OR ""de Tórtolas"" OR ""de la Vega"" OR ""de las Fuentes"" OR ""del Parque Fluvial del Alamín"" OR ""de Guajaraz"" OR Cedrón OR ""Rambla de Piqueras"" OR ""de Vallehermoso o de Casalgordo"" OR Maior OR ""Ribeira de Nisa"" OR Sangusín OR ""de Guatén"" OR ""Garganta de Descuernacabras"" OR ""de la Rambla"" OR Albares OR Barbaón OR Cedena OR Navajata OR Ollegoso OR Ota OR ""Ribeira de Alcorochel"" OR ""Ribeira de Figueiró"" OR ""Ribeira do Alvorão"" OR ""Vala de Alpiarça"" OR ""de Barcience"" OR ""de Gansarinos"" OR ""de Mierdanchel"" OR ""de Testillos"" OR ""de Valdeálamos"" OR ""de la Cañada de Santa Cruz"" OR ""de la Huerta del Pacho"" OR ""del Alcalfe"" OR ""del Conde"" OR ""del Juncal"" OR ""del Pedroso"" OR Alcañizo OR Frío OR ""Garganta Fernandina"" OR ""Garganta de Iruelas"" OR ""Garganta de las Torres"" OR ""Garganta del Puerto"" OR Getrero OR Guatén OR Medero OR Melgar OR Ompólveda OR ""Regato de Santiago"" OR ""Regato del Valenciano"" OR ""Ribeira Mestra""",2005,failed,complete,,470 results,re-try new. If it fails run both with month range,2025-11-29 16:04:34
15,TUMB,Tumbes,Tumbes,"Tumbes OR Puyango OR ""de Conventos"" OR Moromoro OR Pindo OR Cazaderos OR Yaguachi OR Amarillo OR ""El Arenal"" OR ""San Antonio"" OR Tamine OR Salado OR ""San Luis"" OR Shoa OR Ambacos OR Calera OR Daule OR Luis OR Marcabelí OR Negro OR Palmira OR Chiguango OR Elvira OR ""Las Juntas"" OR ""Las Nubes"" OR Paletillas OR Salati OR ""San Jose"" OR Yambalamanca OR Naranjo OR Pilares OR Piñas OR Chinchanga OR Luzumbe OR Mangurquillo OR Turinuma OR Zaraguayas OR Chipanga OR Chonta OR Cirguelo OR ""Del Caucho"" OR Duranda OR ""El Cedro"" OR ""El Coco"" OR ""El Tigre"" OR ""Las Vegas"" OR Rumipotrero OR ""San Roquito"" OR Sisahuaycu OR Villa OR ""de Carrisal"" OR ""del Guayabo""",2003,failed,complete,,empty - zero?,re-try new. If it fails run both with month range,2025-11-30 21:38:23
16,TUMN,Tumen,Tumen,"Tumen OR ""Tumen Jiang"" OR Duman-gang OR Gayaha OR Seodusoo OR ""Hunchun He"" OR yeonmysu OR ""Hua Pi Dian Zi He"" OR Hailanhe OR Mijiang OR Oryungcheon OR ""Da Wang Qing He"" OR Hongdansu OR Boeolcheon OR Tumannaya OR ""Lanjia Tangzihe"" OR Qianhe OR Jongseonggang OR Shajinhe OR Hailanjiang OR ""Hongqi He"" OR ""Bu'erhatong He"" OR Yongcheoncheon OR ""Zhongping He"" OR Sangseongcheon OR Sungcheon-su OR Hakpocheon OR Liudonghe OR ""Yueqing Gou"" OR Hwilyeongcheon OR Changrenhe OR Paljeochun OR Ludaohe OR quanhe OR HuaShuGou OR Yongnamcheon OR ""Mì Jiāng"" OR ""Xiao Xizhuan Chaha"" OR ""Hailan He"" OR ""Guangzhao Ganqu"" OR ""Weixin Ganqu"" OR ""Dongcheng Hao Ganqu""",2005,complete,complete,17 results,15 results,,
17,VRDR,Vardar,Vardar OR Bregalnica OR Crna OR Kriva OR Pcinja OR Treska OR Crna Reka OR Kocanska OR Lepenac OR Tresca,"Vardar OR Bregalnitsa OR Tsarna OR Treska OR Pchinja OR Krivaya OR Axios OR Babuna OR Lepenc OR Topolka OR Boshava OR Zletovitsa OR Doiranes OR Lakavichka OR Shemnitsa OR Kamеничка OR Osojnica OR Lipkovska OR Markova OR Boiшка OR Blashitza OR Lepenets OR Nerodime OR Mavronéri OR Agiaiki OR ""Luda Mara"" OR Gradeshka OR Svetinkolska OR Mazdracha OR Belychka OR Tripushnitsa OR Sakoulévas OR Kochanska OR Vrteshka OR Seirios OR Konska OR Sushitsa OR Suva OR Stara OR Raveniska OR Zhureshnitsa OR Zletovica OR Obednichiça OR ""Meѓuнароден Поток"" OR Gradetchka OR Bogovinska OR Gabreshka OR Lumija OR Petrushka OR Rakitina OR ""Mala Rada"" OR Vratnichka OR Blato OR Kozjachka OR Stroshka OR Aniska OR Zajaska OR Dunjiska OR Geropotamos OR Studenchiца OR Kozjedolska OR Kiselychka OR Serava OR Konjariska OR Durchka OR Banjka OR Temnitsa OR Uruspiska OR Banjska OR Dragor OR Kumanovka OR Slatiniska OR Zlokuanjska OR Došnica OR Bela OR Ocha OR Vrashanka OR Sapunchitsa OR Lazhechka OR Leshočka OR Sarandarska OR Bratindolska OR Pena OR Golema OR Lyubanska OR Bistra OR Kadina OR Crna OR Mala OR Yagula OR Buturitsa OR Mrtvitsa OR Tseriska OR Nerofagoma OR Tajmishka OR Zhaba OR Tuyinskaya OR Strabopotamos OR Kotsa OR Pisokalska OR Slapska OR Krushovichka OR Kruevichka OR Sermeninskaya OR Man'tseva OR Krawashhtinska OR Kryorema OR Kokrechka OR ""Spikowski Andak"" OR Crnica OR ""L. Kodërtrim"" OR Crvena OR Protomagias OR Yaz OR Makovska OR Polane OR Mavrovitsa OR Dobrushovo OR Podmol'ska OR Ribnik",2002,complete,complete,348 results,4 results,,
18,YALU,Yalu,Yalu,"Yalu OR ""Yalu Jiang"" OR Hunjiang OR Jangjinang OR ""Changja Gang"" OR Aihuo OR Púshíhé OR Chongman-gang OR ""cao he"" OR Jaseonggang OR Hanihe OR ""Namsa Gang"" OR Hwangsuwongang OR Furhe OR Heacheongang OR Dangmokcheon OR Laguhuo OR Wudao沟 OR ""Xin Kai He"" OR ""Hongtuya He"" OR Buyeongang OR ""badao gou he"" OR ""Da Ya He"" OR Woenang OR Hanbaekgang OR Gomyeoncheon OR Nonggyeonggang OR ""Toudao Gou He"" OR Weishahe OR Hwagyeongcheon OR ""Song Su Gang"" OR Dongcheon OR Chongmyeoncheon OR ""Oman Donggang"" OR Huchanggang OR Namcheon OR ""Da Luo Quan Gou He"" OR ""Da Sha He"" OR Yaksucheon OR ""Yi He"" OR ""Banla Jiang"" OR Gugokcheon OR Ganbukcheon OR ""shíjiǔ dào gōu"" OR ""Hongtingzi He"" OR Gu-eup-ri-gang OR ""San Dao Gou He"" OR Hujiang OR Bukcheon OR Bangsancheon OR erdaohe OR So-hu-joo-cheon OR Yeongjucheon OR Gari-myeon OR Gamakcheon OR Liangshuihe OR Luohuo OR Chosancheon OR Hwidaekcheon OR ""Bei Gu He"" OR Namyeonggang OR Donggokcheon OR Jinjiahe OR Rimyeongso OR Chapyeongcheon OR Pongsancheon OR ""Sampori Gang"" OR ""So Bak Su"" OR Hapsucheon OR ""Hwangpo Gang"" OR Sinchangdongcheon OR ""Geonpo Gang"" OR Gwandongcheon OR Jikricheon OR Geumyeonggolcheon OR Sungjangcheon OR Sindaecheon OR Geumkwangcheon OR Changpyeong-ri-gang OR Ho-rye-chon OR ""Dahuang River"" OR Dahuanggou OR Masangcheon OR Oknaechun OR Yeongungang OR Busungcheon OR Hwaryongcheon OR Hanggungcheon OR Potaecheon OR Sinhungcheon OR ""Da Jin Cheon"" OR Ommokcheon OR Eundonggang OR Unjongang OR Rinamcheon OR Sinjeokcheon OR Osicheon OR Heoksucheon OR Hwangrincheon OR ""shiwu dao"" OR Mǎyǐhé OR ""Jinping He"" OR Aprokkyang OR ""erdao gou he""",2006,complete,complete,33 results,33 results,,
19,ZARM,Zarumilla,Zarumilla,"Zarumilla OR Chiquita OR ""El Guineo"" OR ""Las Lajas"" OR Tumbes OR Palmales OR Faical OR Canoas",2003,complete,failed,21 results,0 results,,
